{
  "version": 1,
  "config": {
    "width": 1920,
    "height": 1080,
    "gallery_quality": false,
    "special_mode": false,
    "enable_bloom": false,
    "enable_glow": false,
    "enable_chromatic_bloom": true,
    "enable_perceptual_blur": true,
    "enable_micro_contrast": false,
    "enable_gradient_map": false,
    "enable_color_grade": true,
    "enable_champleve": true,
    "enable_aether": false,
    "enable_opalescence": false,
    "enable_edge_luminance": false,
    "enable_atmospheric_depth": false,
    "enable_fine_texture": true,
    "blur_strength": 33.242573585138324,
    "blur_radius_scale": 0.043490969136704444,
    "blur_core_brightness": 14.320715192314404,
    "dog_strength": 0.3822138782176877,
    "dog_sigma_scale": 0.00562712654183319,
    "dog_ratio": 2.6583321134462796,
    "glow_strength": 0.6702735883071961,
    "glow_threshold": 0.4058708078753833,
    "glow_radius_scale": 0.011913508946521559,
    "glow_sharpness": 3.037653323411395,
    "glow_saturation_boost": 0.014218819726775123,
    "chromatic_bloom_strength": 0.31112980877915164,
    "chromatic_bloom_radius_scale": 0.022105870521186358,
    "chromatic_bloom_separation_scale": 0.005335531567417907,
    "chromatic_bloom_threshold": 0.37086614054182226,
    "perceptual_blur_strength": 0.5127617720311419,
    "color_grade_strength": 0.45779034443767785,
    "vignette_strength": 0.4557674330090562,
    "vignette_softness": 4.832315034356973,
    "vibrance": 1.0283032117032271,
    "clarity_strength": 0.5631165682717963,
    "tone_curve_strength": 0.00022680521947955834,
    "gradient_map_strength": 0.6176295266760582,
    "gradient_map_hue_preservation": 0.31964138669884795,
    "gradient_map_palette": 18,
    "opalescence_strength": 0.4738618069966002,
    "opalescence_scale": 0.0034243206934594364,
    "opalescence_layers": 4,
    "champleve_flow_alignment": 0.3615284327560869,
    "champleve_interference_amplitude": 0.6220666602305291,
    "champleve_rim_intensity": 1.7514330044508524,
    "champleve_rim_warmth": 0.25161469035121026,
    "champleve_interior_lift": 0.357073019155551,
    "aether_flow_alignment": 0.9158216733522297,
    "aether_scattering_strength": 1.2782676866460285,
    "aether_iridescence_amplitude": 0.38329809358885936,
    "aether_caustic_strength": 0.1978576582385827,
    "micro_contrast_strength": 0.24567696266939792,
    "micro_contrast_radius": 4,
    "edge_luminance_strength": 0.2065693139928787,
    "edge_luminance_threshold": 0.28479206073907953,
    "edge_luminance_brightness_boost": 0.14872477167023457,
    "atmospheric_depth_strength": 0.34699063919181716,
    "atmospheric_desaturation": 0.29609134448601193,
    "atmospheric_darkening": 0.12804458888202083,
    "atmospheric_fog_color_r": 0.0604410739057793,
    "atmospheric_fog_color_g": 0.22931653175719932,
    "atmospheric_fog_color_b": 0.2709536961910673,
    "fine_texture_strength": 0.15752070184805234,
    "fine_texture_scale": 0.0005717739733103137,
    "fine_texture_contrast": 0.668017264909115,
    "hdr_scale": 0.10167672184578505,
    "clip_black": 0.018803010146507412,
    "clip_white": 0.9811885383411603,
    "nebula_strength": 0.07725763941873667,
    "nebula_octaves": 7,
    "nebula_base_frequency": 0.0031944267444066767
  }
}